[
{
  "model": "webapp.type",
  "pk": 1,
  "fields": {
    "name": "Task"
  }
},
{
  "model": "webapp.type",
  "pk": 2,
  "fields": {
    "name": "Bug"
  }
},
{
  "model": "webapp.type",
  "pk": 3,
  "fields": {
    "name": "Enhancement"
  }
},
{
  "model": "webapp.status",
  "pk": 1,
  "fields": {
    "name": "New"
  }
},
{
  "model": "webapp.status",
  "pk": 2,
  "fields": {
    "name": "In Progress"
  }
},
{
  "model": "webapp.status",
  "pk": 3,
  "fields": {
    "name": "Done"
  }
},
{
  "model": "webapp.task",
  "pk": 2,
  "fields": {
    "summary": "Project56667",
    "description": "I do my pj56",
    "status": 1,
    "created_date": "2024-07-08T18:15:41.369Z",
    "updated_date": "2024-07-16T16:49:47.344Z",
    "project": 2,
    "type": [
      1
    ]
  }
},
{
  "model": "webapp.task",
  "pk": 3,
  "fields": {
    "summary": "Project5555",
    "description": "I done my pj55",
    "status": 3,
    "created_date": "2024-07-08T18:15:56.974Z",
    "updated_date": "2024-07-16T15:57:56.914Z",
    "project": 3,
    "type": [
      1,
      2,
      3
    ]
  }
},
{
  "model": "webapp.task",
  "pk": 4,
  "fields": {
    "summary": "Project5444",
    "description": "I find bug in pj54",
    "status": 2,
    "created_date": "2024-07-08T18:16:42.890Z",
    "updated_date": "2024-07-16T15:58:04.603Z",
    "project": 4,
    "type": [
      1
    ]
  }
},
{
  "model": "webapp.task",
  "pk": 5,
  "fields": {
    "summary": "Project5333",
    "description": "I done bug in pj53",
    "status": 3,
    "created_date": "2024-07-08T18:17:27.301Z",
    "updated_date": "2024-07-16T16:38:26.878Z",
    "project": 1,
    "type": [
      2,
      3
    ]
  }
},
{
  "model": "webapp.task",
  "pk": 6,
  "fields": {
    "summary": "Project5222",
    "description": "I do my pj52",
    "status": 1,
    "created_date": "2024-07-08T20:03:21.533Z",
    "updated_date": "2024-07-16T15:58:21.088Z",
    "project": 6,
    "type": [
      3
    ]
  }
},
{
  "model": "webapp.task",
  "pk": 9,
  "fields": {
    "summary": "Project4999",
    "description": "Oke pj 49999999999999999",
    "status": 3,
    "created_date": "2024-07-11T15:41:35.351Z",
    "updated_date": "2024-07-16T16:51:04.449Z",
    "project": 11,
    "type": [
      1,
      2,
      3
    ]
  }
},
{
  "model": "webapp.task",
  "pk": 10,
  "fields": {
    "summary": "Project4888",
    "description": "Oke pj 48",
    "status": 2,
    "created_date": "2024-07-11T15:42:37.002Z",
    "updated_date": "2024-07-16T15:58:35.883Z",
    "project": 5,
    "type": [
      1,
      2
    ]
  }
},
{
  "model": "webapp.task",
  "pk": 11,
  "fields": {
    "summary": "Project47",
    "description": "Oke pj 47",
    "status": 2,
    "created_date": "2024-07-11T15:43:01.516Z",
    "updated_date": "2024-07-11T15:43:01.516Z",
    "project": 1,
    "type": [
      1,
      2,
      3
    ]
  }
},
{
  "model": "webapp.task",
  "pk": 12,
  "fields": {
    "summary": "Project4666",
    "description": "Oke pj 46",
    "status": 3,
    "created_date": "2024-07-11T15:43:02.959Z",
    "updated_date": "2024-07-16T15:58:48.239Z",
    "project": 2,
    "type": [
      1,
      3
    ]
  }
},
{
  "model": "webapp.task",
  "pk": 13,
  "fields": {
    "summary": "Project4555",
    "description": "Oke pj 45",
    "status": 1,
    "created_date": "2024-07-11T15:43:47.868Z",
    "updated_date": "2024-07-16T15:58:55.752Z",
    "project": 2,
    "type": [
      1
    ]
  }
},
{
  "model": "webapp.task",
  "pk": 14,
  "fields": {
    "summary": "Project4444",
    "description": "Oke pj 44",
    "status": 1,
    "created_date": "2024-07-11T15:44:01.504Z",
    "updated_date": "2024-07-16T15:59:03.095Z",
    "project": 3,
    "type": [
      3
    ]
  }
},
{
  "model": "webapp.task",
  "pk": 15,
  "fields": {
    "summary": "Have no idea",
    "description": "Prosto anglo no rus",
    "status": 2,
    "created_date": "2024-07-11T15:46:45.344Z",
    "updated_date": "2024-07-16T15:59:10.682Z",
    "project": 3,
    "type": [
      1,
      3
    ]
  }
},
{
  "model": "webapp.task",
  "pk": 16,
  "fields": {
    "summary": "Pepel nahudi",
    "description": "Best singer",
    "status": 1,
    "created_date": "2024-07-11T15:47:28.815Z",
    "updated_date": "2024-07-16T15:59:17.870Z",
    "project": 6,
    "type": [
      3
    ]
  }
},
{
  "model": "webapp.task",
  "pk": 17,
  "fields": {
    "summary": "Not Project",
    "description": "Not Project btw",
    "status": 3,
    "created_date": "2024-07-11T15:47:54.736Z",
    "updated_date": "2024-07-16T16:03:17.912Z",
    "project": 4,
    "type": [
      2
    ]
  }
},
{
  "model": "webapp.task",
  "pk": 19,
  "fields": {
    "summary": "Testokeatoneoke",
    "description": "",
    "status": 1,
    "created_date": "2024-07-15T17:35:57.160Z",
    "updated_date": "2024-07-16T15:59:22.829Z",
    "project": 6,
    "type": [
      2
    ]
  }
},
{
  "model": "webapp.task",
  "pk": 27,
  "fields": {
    "summary": "Project5722",
    "description": "wqdwqdwqd",
    "status": 1,
    "created_date": "2024-07-25T17:53:55.033Z",
    "updated_date": "2024-07-25T17:53:55.033Z",
    "project": 7,
    "type": [
      1,
      2
    ]
  }
},
{
  "model": "webapp.project",
  "pk": 1,
  "fields": {
    "name": "Adida",
    "description": "Super puper",
    "created_date": "2024-07-15",
    "updated_date": null,
    "users": [
      6
    ]
  }
},
{
  "model": "webapp.project",
  "pk": 2,
  "fields": {
    "name": "Nike",
    "description": "ProstoNike",
    "created_date": "2024-07-15",
    "updated_date": "2024-07-15",
    "users": [
      6
    ]
  }
},
{
  "model": "webapp.project",
  "pk": 3,
  "fields": {
    "name": "Super puper da",
    "description": "Ogo super",
    "created_date": "2024-07-15",
    "updated_date": null,
    "users": [
      6
    ]
  }
},
{
  "model": "webapp.project",
  "pk": 4,
  "fields": {
    "name": "Vau super",
    "description": "Eto vau super",
    "created_date": "2024-07-15",
    "updated_date": "2024-07-15",
    "users": [
      7
    ]
  }
},
{
  "model": "webapp.project",
  "pk": 5,
  "fields": {
    "name": "Neveroyatno",
    "description": "Ogo eto neveroyatno",
    "created_date": "2024-07-15",
    "updated_date": null,
    "users": [
      7
    ]
  }
},
{
  "model": "webapp.project",
  "pk": 6,
  "fields": {
    "name": "Dark chocolate 222222",
    "description": "IAJIdsjijcd",
    "created_date": "2024-07-15",
    "updated_date": null,
    "users": [
      7
    ]
  }
},
{
  "model": "webapp.project",
  "pk": 7,
  "fields": {
    "name": "wfwdqwqd",
    "description": "wdwdwd",
    "created_date": "2024-07-15",
    "updated_date": null,
    "users": [
      8
    ]
  }
},
{
  "model": "webapp.project",
  "pk": 8,
  "fields": {
    "name": "qwdqwdsad",
    "description": "wqdwdas",
    "created_date": "2024-07-15",
    "updated_date": null,
    "users": [
      8
    ]
  }
},
{
  "model": "webapp.project",
  "pk": 9,
  "fields": {
    "name": "sadsadsa",
    "description": "asdasdas",
    "created_date": "2024-07-15",
    "updated_date": null,
    "users": [
      8
    ]
  }
},
{
  "model": "webapp.project",
  "pk": 10,
  "fields": {
    "name": "sadasd",
    "description": "qwdr4tg",
    "created_date": "2024-07-15",
    "updated_date": null,
    "users": []
  }
},
{
  "model": "webapp.project",
  "pk": 11,
  "fields": {
    "name": "wdwasdsad",
    "description": "wqdq3e21e",
    "created_date": "2024-07-15",
    "updated_date": null,
    "users": []
  }
},
{
  "model": "webapp.project",
  "pk": 15,
  "fields": {
    "name": "sadsadqwdqwd",
    "description": "dasdadqwqwdqwd",
    "created_date": "2024-01-01",
    "updated_date": "2033-12-19",
    "users": []
  }
},
{
  "model": "webapp.project",
  "pk": 16,
  "fields": {
    "name": "In Progress",
    "description": "qwkdjmqwoijdq",
    "created_date": "2024-01-01",
    "updated_date": null,
    "users": []
  }
},
{
  "model": "webapp.project",
  "pk": 17,
  "fields": {
    "name": "Enhancement",
    "description": "qwdqwdwqd",
    "created_date": "2024-01-01",
    "updated_date": null,
    "users": []
  }
},
{
  "model": "auth.user",
  "pk": 1,
  "fields": {
    "password": "pbkdf2_sha256$720000$DAYQ5dMV9kA0nfKIIyWKgp$UNkfzY7EqybKSzo1rloi2SStpSLV5FJaSlG/cDNHN2w=",
    "last_login": "2024-07-25T17:49:30.852Z",
    "is_superuser": true,
    "username": "admin",
    "first_name": "",
    "last_name": "",
    "email": "",
    "is_staff": true,
    "is_active": true,
    "date_joined": "2024-07-08T18:05:35.890Z",
    "groups": [],
    "user_permissions": []
  }
},
{
  "model": "auth.user",
  "pk": 6,
  "fields": {
    "password": "pbkdf2_sha256$720000$xsfRa0OnJD8BZCsxoIwOUE$kE1MvnX+wvh7WdzPxMRFhFzzjaLge2FRdkdQa7dzPM8=",
    "last_login": "2024-07-25T18:35:40.874Z",
    "is_superuser": false,
    "username": "manager",
    "first_name": "super",
    "last_name": "puper",
    "email": "manager@gmail.com",
    "is_staff": false,
    "is_active": true,
    "date_joined": "2024-07-25T17:29:45Z",
    "groups": [
      1
    ],
    "user_permissions": []
  }
},
{
  "model": "auth.user",
  "pk": 7,
  "fields": {
    "password": "pbkdf2_sha256$720000$1643byUHoqORub9kLxugfw$FBuGKwf66m5kEY1CsRjw3ptcb/G/JMrAH/7FrIaVJa0=",
    "last_login": "2024-07-25T18:34:35.011Z",
    "is_superuser": false,
    "username": "lead",
    "first_name": "super",
    "last_name": "puper",
    "email": "lead@gmail.com",
    "is_staff": false,
    "is_active": true,
    "date_joined": "2024-07-25T17:30:13Z",
    "groups": [
      2
    ],
    "user_permissions": []
  }
},
{
  "model": "auth.user",
  "pk": 8,
  "fields": {
    "password": "pbkdf2_sha256$720000$2CiZVULwu6g6JINV4J50Xf$Fgt9WFaBY7q3NclR5pgnruoJgOlAUNXqiwvslATaPlE=",
    "last_login": "2024-07-25T18:35:10.781Z",
    "is_superuser": false,
    "username": "dev",
    "first_name": "super",
    "last_name": "puper",
    "email": "dev@gmail.com",
    "is_staff": false,
    "is_active": true,
    "date_joined": "2024-07-25T17:30:35Z",
    "groups": [
      3
    ],
    "user_permissions": []
  }
}
]
